{"accuracy": [0.44124168157577515, 0.5631929039955139, 0.6430155038833618, 0.7272727489471436, 0.7516629695892334, 0.7760531902313232, 0.7871397137641907, 0.8004434704780579, 0.8026607632637024, 0.8292682766914368, 0.8447893857955933, 0.8625277280807495, 0.8403547406196594, 0.8625277280807495, 0.8736141920089722], "loss": [1.1793922185897827, 0.9259888529777527, 0.7732111811637878, 0.6716680526733398, 0.5723762512207031, 0.5586380958557129, 0.5368925929069519, 0.47799861431121826, 0.4800908863544464, 0.4104388952255249, 0.39419031143188477, 0.389749139547348, 0.39512768387794495, 0.3643192946910858, 0.3223173916339874], "val_accuracy": [0.5315315127372742, 0.7027027010917664, 0.6486486196517944, 0.7747747898101807, 0.7387387156486511, 0.792792797088623, 0.8108108043670654, 0.8468468189239502, 0.792792797088623, 0.8288288116455078, 0.8198198080062866, 0.8558558821678162, 0.7657657861709595, 0.8108108043670654, 0.8288288116455078], "val_loss": [0.9604529142379761, 0.7868794798851013, 0.7872099876403809, 0.5926123857498169, 0.6189146041870117, 0.599854052066803, 0.5484324097633362, 0.49970197677612305, 0.48266759514808655, 0.45229819416999817, 0.4712275564670563, 0.41133230924606323, 0.5070328116416931, 0.4819314181804657, 0.3859409987926483]}