{"accuracy": [0.47671839594841003, 0.6784922480583191, 0.7649667263031006, 0.7716186046600342, 0.8314855694770813, 0.8226163983345032, 0.8514412641525269, 0.9002217054367065, 0.8736141920089722, 0.8669623136520386, 0.8713968992233276, 0.8824833631515503, 0.9223946928977966, 0.8891352415084839, 0.8913525342941284], "loss": [1.1088802814483643, 0.7530735731124878, 0.6343069672584534, 0.5745099782943726, 0.4609434902667999, 0.42331817746162415, 0.3914552628993988, 0.34369921684265137, 0.3635208308696747, 0.3318178653717041, 0.33123013377189636, 0.3005865812301636, 0.25787076354026794, 0.3027125895023346, 0.2903189957141876], "val_accuracy": [0.6486486196517944, 0.7297297120094299, 0.8018018007278442, 0.7747747898101807, 0.8018018007278442, 0.8738738894462585, 0.8648648858070374, 0.8648648858070374, 0.8558558821678162, 0.8828828930854797, 0.8828828930854797, 0.8828828930854797, 0.8738738894462585, 0.837837815284729, 0.8468468189239502], "val_loss": [0.8000048995018005, 0.7056678533554077, 0.5892687439918518, 0.5529524087905884, 0.5213571786880493, 0.43372148275375366, 0.39601725339889526, 0.4251645803451538, 0.38420456647872925, 0.3628427982330322, 0.35410916805267334, 0.34024837613105774, 0.35840195417404175, 0.3841227889060974, 0.3228984475135803]}