{"accuracy": [0.4468664824962616, 0.6702997088432312, 0.7220708727836609, 0.7901907563209534, 0.8283378481864929, 0.8555858135223389, 0.888283371925354, 0.8964577913284302, 0.9155313372612, 0.9073569774627686, 0.9237056970596313, 0.9291552901268005, 0.9455040693283081, 0.9455040693283081, 0.9400544762611389], "loss": [1.0919487476348877, 0.7722115516662598, 0.6647966504096985, 0.5471268892288208, 0.46137747168540955, 0.3858279585838318, 0.3452637791633606, 0.31456735730171204, 0.27186495065689087, 0.2659458816051483, 0.22310984134674072, 0.2382192611694336, 0.20375864207744598, 0.18005287647247314, 0.18647629022598267], "val_accuracy": [0.5777778029441833, 0.6333333253860474, 0.7222222089767456, 0.855555534362793, 0.8444444537162781, 0.8999999761581421, 0.9111111164093018, 0.9222221970558167, 0.9444444179534912, 0.9111111164093018, 0.9333333373069763, 0.9444444179534912, 0.9555555582046509, 0.9555555582046509, 0.9555555582046509], "val_loss": [0.9273207187652588, 0.7836621403694153, 0.6238371729850769, 0.4878627359867096, 0.4837462902069092, 0.3619017004966736, 0.3566998839378357, 0.327802836894989, 0.28073832392692566, 0.2927187383174896, 0.26769307255744934, 0.21068808436393738, 0.21664603054523468, 0.20779281854629517, 0.18610526621341705]}